"Squad","Player","Starts_Playing","Min_Playing","Gls","Ast","G+A","G_minus_PK","PK","PKatt","xG_Expected","npxG_Expected","xAG_Expected","npxG+xAG_Expected","PrgC_Progression","PrgP_Progression","PrgR_Progression","Gls_Per","Ast_Per","G+A_Per","G_minus_PK_Per","G+A_minus_PK_Per","xG_Per","xAG_Per","xG+xAG_Per","npxG_Per"
"Arsenal","Riccardo Calafiori",9,695,1,2,3,1,0,0,1.9,1.9,0.5,2.4,16,30,31,0.13,0.26,0.39,0.13,0.39,0.25,0.06,0.31,0.25
"Arsenal","Max Dowman",0,29,0,0,0,0,0,0,0.1,0.1,0,0.1,4,0,6,0,0,0,0,0,0.43,0,0.43,0.43
"Arsenal","Eberechi Eze",5,460,1,2,3,1,0,0,1.2,1.2,0.8,1.9,13,25,32,0.2,0.39,0.59,0.2,0.59,0.23,0.15,0.38,0.23
"Arsenal","Viktor Gyökeres",9,755,3,0,3,2,1,1,3.7,2.9,0.3,3.2,6,8,46,0.36,0,0.36,0.24,0.24,0.44,0.03,0.47,0.35
"Arsenal","Kai Havertz",0,31,0,0,0,0,0,0,0,0,0,0,1,2,2,0,0,0,0,0,0,0,0,0
"Arsenal","Piero Hincapié",0,9,0,0,0,0,0,0,0,0,0,0,0,0,0,0,0,0,0,0,0,0,0,0
"Arsenal","Myles Lewis-Skelly",0,91,0,0,0,0,0,0,0,0,0,0,1,2,6,0,0,0,0,0,0,0,0,0
"Arsenal","Noni Madueke",4,304,0,0,0,0,0,0,0.3,0.3,0.8,1.1,18,9,44,0,0,0,0,0,0.09,0.25,0.34,0.09
"Arsenal","Gabriel Magalhães",9,810,1,1,2,1,0,0,0.8,0.8,0.4,1.2,6,34,1,0.11,0.11,0.22,0.11,0.22,0.09,0.05,0.14,0.09
"Arsenal","Gabriel Martinelli",2,220,1,0,1,1,0,0,0.8,0.8,0.1,0.9,7,5,10,0.41,0,0.41,0.41,0.41,0.32,0.05,0.37,0.32
"Arsenal","Mikel Merino",3,283,1,0,1,1,0,0,0.3,0.3,0.1,0.4,6,11,11,0.32,0,0.32,0.32,0.32,0.11,0.03,0.14,0.11
"Arsenal","Cristhian Mosquera",2,294,0,0,0,0,0,0,0,0,0.1,0.1,2,6,1,0,0,0,0,0,0,0.02,0.02,0
"Arsenal","Ethan Nwaneri",0,149,0,0,0,0,0,0,0.2,0.2,0,0.2,6,13,6,0,0,0,0,0,0.11,0.03,0.14,0.11
"Arsenal","Christian Nørgaard",0,1,0,0,0,0,0,0,0,0,0,0,0,0,0,0,0,0,0,0,0,0,0,0
"Arsenal","David Raya",9,810,0,0,0,0,0,0,0,0,0.1,0.1,0,4,0,0,0,0,0,0,0,0.01,0.01,0
"Arsenal","Declan Rice",8,714,1,2,3,1,0,0,0.7,0.7,1.6,2.3,23,59,21,0.13,0.25,0.38,0.13,0.38,0.09,0.2,0.29,0.09
"Arsenal","Bukayo Saka",6,501,2,0,2,1,1,1,1.3,0.5,1.4,1.9,26,11,72,0.36,0,0.36,0.18,0.18,0.23,0.25,0.49,0.09
"Arsenal","William Saliba",7,544,0,0,0,0,0,0,0.1,0.1,0.1,0.2,2,30,3,0,0,0,0,0,0.02,0.01,0.03,0.02
"Arsenal","Jurriën Timber",8,702,2,1,3,2,0,0,1.8,1.8,0.6,2.4,14,50,39,0.26,0.13,0.38,0.26,0.38,0.23,0.07,0.3,0.23
"Arsenal","Leandro Trossard",5,464,1,1,2,1,0,0,1.4,1.4,0.3,1.8,12,17,51,0.19,0.19,0.39,0.19,0.39,0.28,0.07,0.35,0.28
"Arsenal","Ben White",1,70,0,0,0,0,0,0,0,0,0,0.1,1,4,0,0,0,0,0,0,0.02,0.06,0.07,0.02
"Arsenal","Martín Zubimendi",8,771,2,0,2,2,0,0,0.3,0.3,0.7,0.9,9,54,8,0.23,0,0.23,0.23,0.23,0.03,0.08,0.11,0.03
"Arsenal","Martin Ødegaard",4,203,0,1,1,0,0,0,0.1,0.1,0.5,0.6,10,26,5,0,0.44,0.44,0,0.44,0.06,0.2,0.27,0.06
"Aston Villa","Ross Barkley",0,33,0,0,0,0,0,0,0.1,0.1,0,0.1,1,4,1,0,0,0,0,0,0.32,0,0.32,0.32
"Aston Villa","Marco Bizot",2,180,0,0,0,0,0,0,0,0,0,0,0,1,0,0,0,0,0,0,0,0,0,0
"Aston Villa","Lamare Bogarde",3,281,0,0,0,0,0,0,0,0,0,0,3,8,2,0,0,0,0,0,0,0.01,0.01,0
"Aston Villa","Emi Buendía",3,357,2,2,4,2,0,0,0.7,0.7,0.5,1.2,12,24,13,0.5,0.5,1.01,0.5,1.01,0.18,0.12,0.3,0.18
"Aston Villa","Matty Cash",9,786,2,0,2,2,0,0,0.2,0.2,0.6,0.8,13,35,38,0.23,0,0.23,0.23,0.23,0.02,0.07,0.09,0.02
"Aston Villa","Lucas Digne",8,654,0,2,2,0,0,0,0.3,0.3,0.7,1,10,14,52,0,0.28,0.28,0,0.28,0.04,0.1,0.14,0.04
"Aston Villa","Harvey Elliott",1,98,0,0,0,0,0,0,0.2,0.2,0,0.2,3,5,11,0,0,0,0,0,0.17,0,0.17,0.17
"Aston Villa","Evann Guessand",4,360,0,0,0,0,0,0,0.3,0.3,0,0.3,10,8,24,0,0,0,0,0,0.08,0.01,0.09,0.08
"Aston Villa","Boubacar Kamara",6,475,0,2,2,0,0,0,0.1,0.1,0.4,0.5,7,32,2,0,0.38,0.38,0,0.38,0.01,0.07,0.09,0.01
"Aston Villa","Ezri Konsa",8,695,0,0,0,0,0,0,0,0,0,0.1,4,24,2,0,0,0,0,0,0.01,0,0.01,0.01
"Aston Villa","Victor Lindelöf",0,24,0,0,0,0,0,0,0,0,0,0,0,2,0,0,0,0,0,0,0,0,0,0
"Aston Villa","Ian Maatsen",1,162,0,0,0,0,0,0,0.2,0.2,0.3,0.4,6,15,13,0,0,0,0,0,0.11,0.14,0.25,0.11
"Aston Villa","Donyell Malen",3,299,2,0,2,2,0,0,0.8,0.8,0.2,1,7,7,17,0.6,0,0.6,0.6,0.6,0.24,0.06,0.3,0.24
"Aston Villa","Emiliano Martínez",7,630,0,0,0,0,0,0,0,0,0,0,0,0,0,0,0,0,0,0,0,0,0,0
"Aston Villa","John McGinn",9,709,1,0,1,1,0,0,0.9,0.9,0.9,1.8,11,33,23,0.13,0,0.13,0.13,0.13,0.12,0.11,0.23,0.12
"Aston Villa","Tyrone Mings",6,481,0,0,0,0,0,0,0.3,0.3,0.1,0.4,1,27,3,0,0,0,0,0,0.05,0.02,0.07,0.05
"Aston Villa","Amadou Onana",4,325,0,0,0,0,0,0,0.2,0.2,0,0.2,2,12,2,0,0,0,0,0,0.06,0,0.06,0.06
"Aston Villa","Bradley Paul Burrowes",0,17,0,0,0,0,0,0,0,0,0,0,1,0,4,0,0,0,0,0,0,0,0,0
"Aston Villa","Morgan Rogers",9,801,1,2,3,1,0,0,0.5,0.5,1.1,1.6,13,25,48,0.11,0.22,0.34,0.11,0.34,0.06,0.12,0.18,0.06
"Aston Villa","Jadon Sancho",0,54,0,0,0,0,0,0,0.3,0.3,0,0.3,5,5,11,0,0,0,0,0,0.49,0,0.49,0.49
"Aston Villa","Youri Tielemans",4,315,0,0,0,0,0,0,0.1,0.1,0.2,0.3,8,21,10,0,0,0,0,0,0.04,0.05,0.09,0.04
"Aston Villa","Pau Torres",4,436,0,0,0,0,0,0,0.1,0.1,0,0.1,7,20,2,0,0,0,0,0,0.02,0,0.02,0.02
"Aston Villa","Ollie Watkins",8,713,1,0,1,1,0,0,1.7,1.7,0.4,2.2,16,11,50,0.13,0,0.13,0.13,0.13,0.22,0.05,0.27,0.22
"Bournemouth","Tyler Adams",9,783,0,1,1,0,0,0,0.1,0.1,0.1,0.2,4,38,6,0,0.11,0.11,0,0.11,0.02,0.01,0.03,0.02
"Bournemouth","Amine Adli",1,189,0,0,0,0,0,0,0.1,0.1,0.2,0.3,5,5,19,0,0,0,0,0,0.05,0.08,0.13,0.05
"Bournemouth","David Brooks",6,476,0,1,1,0,0,0,0.9,0.9,1.4,2.4,16,17,50,0,0.19,0.19,0,0.19,0.18,0.27,0.44,0.18
"Bournemouth","Ryan Christie",1,188,1,0,1,1,0,0,0.8,0.8,0,0.9,4,12,6,0.48,0,0.48,0.48,0.48,0.41,0.01,0.42,0.41
"Bournemouth","Lewis Cook",0,6,0,0,0,0,0,0,0,0,0,0,0,0,0,0,0,0,0,0,0,0,0,0
"Bournemouth","Bafodé Diakité",7,630,0,0,0,0,0,0,0,0,0.1,0.1,1,19,2,0,0,0,0,0,0,0.02,0.02,0
"Bournemouth","Evanilson",7,616,1,0,1,1,0,0,1.3,1.3,0.8,2,4,7,21,0.15,0,0.15,0.15,0.15,0.18,0.11,0.3,0.18
"Bournemouth","Ben Gannon-Doak",0,46,0,1,1,0,0,0,0.1,0.1,0.6,0.7,2,1,5,0,1.96,1.96,0,1.96,0.17,1.12,1.29,0.17
"Bournemouth","James Hill",2,276,0,0,0,0,0,0,0.1,0.1,0,0.1,3,17,8,0,0,0,0,0,0.04,0,0.04,0.04
"Bournemouth","Álex Jiménez",4,315,0,0,0,0,0,0,0.1,0.1,0.1,0.2,14,20,8,0,0,0,0,0,0.02,0.02,0.04,0.02
"Bournemouth","Eli Junior Kroupi",2,166,4,0,4,4,0,0,1.5,1.5,0.1,1.6,2,0,7,2.17,0,2.17,2.17,2.17,0.79,0.05,0.84,0.79
"Bournemouth","Hamed Junior Traorè",0,17,0,1,1,0,0,0,0,0,0.2,0.2,0,0,0,0,5.29,5.29,0,5.29,0,1.1,1.1,0
"Bournemouth","Justin Kluivert",3,307,1,0,1,1,0,0,0.4,0.4,0.4,0.8,9,9,24,0.29,0,0.29,0.29,0.29,0.12,0.12,0.24,0.12
"Bournemouth","Veljko Milosavljević",2,186,0,0,0,0,0,0,0,0,0.1,0.1,0,5,0,0,0,0,0,0,0,0.03,0.03,0
"Bournemouth","Đorđe Petrović",9,810,0,0,0,0,0,0,0,0,0,0,0,0,0,0,0,0,0,0,0,0,0,0
"Bournemouth","Alex Scott",8,594,1,0,1,1,0,0,0.5,0.5,0.4,0.9,14,20,17,0.15,0,0.15,0.15,0.15,0.08,0.05,0.14,0.08
"Bournemouth","Antoine Semenyo",9,809,6,3,9,5,1,1,3.8,3,0.5,3.5,27,35,51,0.67,0.33,1,0.56,0.89,0.42,0.06,0.48,0.33
"Bournemouth","Marcos Senesi",9,797,0,2,2,0,0,0,0.2,0.2,0.3,0.5,5,48,2,0,0.23,0.23,0,0.23,0.02,0.03,0.05,0.02
"Bournemouth","Adam Smith",3,204,0,0,0,0,0,0,0,0,0.3,0.3,1,6,2,0,0,0,0,0,0,0.12,0.12,0
"Bournemouth","Julio Soler",0,1,0,0,0,0,0,0,0,0,0,0,0,0,0,0,0,0,0,0,0,0,0,0
"Bournemouth","Marcus Tavernier",8,676,2,1,3,2,0,0,1,1,1.4,2.4,20,31,51,0.27,0.13,0.4,0.27,0.4,0.14,0.18,0.32,0.14
"Bournemouth","Adrien Truffert",9,810,0,1,1,0,0,0,0.1,0.1,0.6,0.7,22,43,52,0,0.11,0.11,0,0.11,0.01,0.07,0.08,0.01
"Bournemouth","Enes Ünal",0,1,0,0,0,0,0,0,0,0,0,0,0,0,0,0,0,0,0,0,0,0,0,0
"Bournemouth","Ben Winterburn",0,7,0,0,0,0,0,0,0,0,0,0,0,0,0,0,0,0,0,0,0,0,0,0
"Brentford","Kristoffer Ajer",3,299,0,1,1,0,0,0,0.4,0.4,0.7,1.1,3,12,3,0,0.3,0.3,0,0.3,0.12,0.2,0.32,0.12
"Brentford","Fabio Carvalho",1,97,1,0,1,1,0,0,0.7,0.7,0,0.7,2,2,5,0.93,0,0.93,0.93,0.93,0.65,0,0.65,0.65
"Brentford","Nathan Collins",9,810,0,0,0,0,0,0,0.3,0.3,0.5,0.8,2,17,1,0,0,0,0,0,0.03,0.06,0.09,0.03
"Brentford","Mikkel Damsgaard",7,566,1,1,2,1,0,0,0.4,0.4,1.4,1.8,15,27,25,0.16,0.16,0.32,0.16,0.32,0.06,0.22,0.28,0.06
"Brentford","Sepp van den Berg",9,810,0,0,0,0,0,0,1,1,0.1,1.1,3,17,6,0,0,0,0,0,0.11,0.01,0.12,0.11
"Brentford","Jordan Henderson",8,655,0,2,2,0,0,0,0.1,0.1,0.6,0.6,5,36,4,0,0.27,0.27,0,0.27,0.01,0.08,0.09,0.01
"Brentford","Rico Henry",1,173,0,0,0,0,0,0,0.1,0.1,0.1,0.3,12,2,11,0,0,0,0,0,0.07,0.07,0.13,0.07
"Brentford","Aaron Hickey",2,187,0,0,0,0,0,0,0,0,0,0,0,4,5,0,0,0,0,0,0.01,0,0.01,0.01
"Brentford","Vitaly Janelt",0,121,0,0,0,0,0,0,0.1,0.1,0.1,0.2,1,5,1,0,0,0,0,0,0.08,0.05,0.13,0.08
"Brentford","Mathias Jensen",2,189,2,0,2,2,0,0,0.5,0.5,0.2,0.7,4,14,4,0.95,0,0.95,0.95,0.95,0.25,0.09,0.34,0.25
"Brentford","Michael Kayode",9,796,0,0,0,0,0,0,0.1,0.1,1.4,1.5,16,18,36,0,0,0,0,0,0.01,0.16,0.17,0.01
"Brentford","Caoimhín Kelleher",9,810,0,0,0,0,0,0,0,0,0,0,0,1,0,0,0,0,0,0,0,0,0,0
"Brentford","Keane Lewis-Potter",5,426,0,1,1,0,0,0,0.2,0.2,0.6,0.7,7,7,16,0,0.21,0.21,0,0.21,0.04,0.12,0.15,0.04
"Brentford","Antoni Milambo",1,45,0,0,0,0,0,0,0,0,0,0,1,3,1,0,0,0,0,0,0,0,0,0
"Brentford","Frank Onyeka",0,92,0,1,1,0,0,0,0,0,0.1,0.1,2,4,2,0,0.98,0.98,0,0.98,0,0.12,0.12,0
"Brentford","Dango Ouattara",5,478,2,0,2,2,0,0,2.4,2.4,0.7,3.2,15,7,32,0.38,0,0.38,0.38,0.38,0.46,0.14,0.6,0.46
"Brentford","Ethan Pinnock",2,155,0,0,0,0,0,0,0,0,0,0,0,2,2,0,0,0,0,0,0,0,0,0
"Brentford","Kevin Schade",8,740,2,1,3,2,0,1,2.8,2,1.1,3.1,17,6,29,0.24,0.12,0.36,0.24,0.36,0.34,0.13,0.47,0.24
"Brentford","Thiago",9,742,6,0,6,4,2,2,4.4,2.9,1.1,3.9,4,7,27,0.73,0,0.73,0.49,0.49,0.54,0.13,0.67,0.35
"Brentford","Yehor Yarmoliuk",9,719,0,1,1,0,0,0,0.2,0.2,0.3,0.6,10,29,7,0,0.13,0.13,0,0.13,0.03,0.04,0.07,0.03
"Brighton","Yasin Ayari",7,693,1,0,1,1,0,0,0.6,0.6,0.3,0.9,7,26,13,0.13,0,0.13,0.13,0.13,0.08,0.04,0.12,0.08
"Brighton","Carlos Baleba",8,481,0,0,0,0,0,0,0.1,0.1,0,0.2,6,10,5,0,0,0,0,0,0.02,0.01,0.03,0.02
"Brighton","Diego Coppola",0,18,0,0,0,0,0,0,0,0,0,0,0,2,0,0,0,0,0,0,0,0,0,0
"Brighton","Maxim De Cuyper",5,409,1,0,1,1,0,0,0.7,0.7,0.4,1.1,4,19,13,0.22,0,0.22,0.22,0.22,0.16,0.08,0.24,0.16
"Brighton","Lewis Dunk",9,810,0,0,0,0,0,0,0.6,0.6,0,0.6,4,29,1,0,0,0,0,0,0.06,0,0.07,0.06
"Brighton","Diego Gómez",4,377,0,0,0,0,0,0,0.3,0.3,0.5,0.7,4,11,14,0,0,0,0,0,0.07,0.11,0.18,0.07
"Brighton","Brajan Gruda",2,223,1,1,2,1,0,0,1.4,1.4,0.5,1.9,8,6,26,0.4,0.4,0.81,0.4,0.81,0.57,0.18,0.75,0.57
"Brighton","Jan Paul van Hecke",9,810,1,0,1,1,0,0,0.4,0.4,0,0.5,20,65,3,0.11,0,0.11,0.11,0.11,0.05,0.01,0.05,0.05
"Brighton","Jack Hinshelwood",2,107,0,0,0,0,0,0,0,0,0,0,2,2,1,0,0,0,0,0,0,0,0,0
"Brighton","Ferdi Kadioglu",5,557,0,0,0,0,0,0,0.3,0.3,0.4,0.6,17,29,29,0,0,0,0,0,0.04,0.06,0.1,0.04
"Brighton","Charalampos Kostoulas",0,13,1,0,1,1,0,0,0.2,0.2,0,0.2,1,0,2,6.92,0,6.92,6.92,6.92,1.72,0,1.72,1.72
"Brighton","James Milner",1,193,1,1,2,0,1,1,0.8,0,0.2,0.2,2,9,5,0.47,0.47,0.93,0,0.47,0.37,0.1,0.47,0
"Brighton","Yankuba Minteh",9,770,1,2,3,1,0,0,1.7,1.7,2.1,3.8,47,11,81,0.12,0.23,0.35,0.12,0.35,0.2,0.24,0.45,0.2
"Brighton","Kaoru Mitoma",6,508,1,1,2,1,0,0,0.8,0.8,1.1,1.8,13,13,37,0.18,0.18,0.35,0.18,0.35,0.13,0.19,0.32,0.13
"Brighton","Matt O'Riley",2,177,1,0,1,0,1,1,1.2,0.4,0.2,0.6,0,5,11,0.51,0,0.51,0,0,0.61,0.1,0.72,0.21
"Brighton","Georginio Rutter",6,515,0,2,2,0,0,0,0.4,0.4,1.8,2.2,12,26,23,0,0.35,0.35,0,0.35,0.06,0.32,0.38,0.06
"Brighton","Stefanos Tzimas",0,75,0,1,1,0,0,0,0.4,0.4,0.3,0.7,1,0,4,0,1.2,1.2,0,1.2,0.45,0.39,0.84,0.45
"Brighton","Joël Veltman",4,324,0,0,0,0,0,0,0,0,0,0,5,14,2,0,0,0,0,0,0,0.01,0.01,0
"Brighton","Bart Verbruggen",9,810,0,0,0,0,0,0,0,0,0.1,0.1,0,0,0,0,0,0,0,0,0,0.02,0.02,0
"Brighton","Tom Watson",0,32,0,0,0,0,0,0,0,0,0,0,2,1,2,0,0,0,0,0,0.1,0,0.1,0.1
"Brighton","Danny Welbeck",6,547,5,0,5,5,0,1,3.2,2.5,0.3,2.7,4,8,20,0.82,0,0.82,0.82,0.82,0.53,0.04,0.57,0.4
"Brighton","Mats Wieffer",5,461,0,1,1,0,0,0,0.2,0.2,0.8,0.9,13,29,20,0,0.2,0.2,0,0.2,0.03,0.15,0.18,0.03
"Burnley","Jaidon Anthony",9,745,4,1,5,4,0,0,2.1,2.1,0.4,2.5,17,12,37,0.48,0.12,0.6,0.48,0.6,0.26,0.05,0.3,0.26
"Burnley","Ashley Barnes",0,8,0,0,0,0,0,0,0,0,0,0,0,0,1,0,0,0,0,0,0,0,0,0
"Burnley","Armando Broja",0,45,0,0,0,0,0,0,0,0,0,0,0,0,2,0,0,0,0,0,0,0,0,0
"Burnley","Jacob Bruun Larsen",4,363,0,1,1,0,0,0,0.1,0.1,0.6,0.7,5,6,26,0,0.25,0.25,0,0.25,0.03,0.15,0.18,0.03
"Burnley","Josh Cullen",9,770,1,1,2,1,0,0,0.2,0.2,0.8,1,2,43,5,0.12,0.12,0.23,0.12,0.23,0.02,0.09,0.12,0.02
"Burnley","Martin Dúbravka",9,810,0,0,0,0,0,0,0,0,0,0,0,0,0,0,0,0,0,0,0,0,0,0
"Burnley","Marcus Edwards",0,6,0,0,0,0,0,0,0,0,0,0,0,0,0,0,0,0,0,0,0,0,0,0
"Burnley","Hjalmar Ekdal",6,533,0,0,0,0,0,0,0.2,0.2,0.1,0.3,1,6,0,0,0,0,0,0,0.03,0.02,0.06,0.03
"Burnley","Maxime Estève",9,801,0,0,0,0,0,0,0.2,0.2,0.1,0.3,2,17,0,0,0,0,0,0,0.02,0.01,0.03,0.02
"Burnley","Zian Flemming",2,202,2,0,2,2,0,0,0.9,0.9,0.2,1.1,1,1,8,0.89,0,0.89,0.89,0.89,0.4,0.08,0.48,0.4
"Burnley","Lyle Foster",7,579,2,1,3,2,0,0,1.3,1.3,0.7,2,7,6,32,0.31,0.16,0.47,0.31,0.47,0.21,0.1,0.31,0.21
"Burnley","Quilindschy Hartman",9,807,0,4,4,0,0,0,0.1,0.1,1.2,1.4,3,21,23,0,0.45,0.45,0,0.45,0.02,0.14,0.16,0.02
"Burnley","Bashir Humphreys",0,3,0,0,0,0,0,0,0,0,0,0,0,0,0,0,0,0,0,0,0,0,0,0
"Burnley","Josh Laurent",5,486,0,0,0,0,0,0,0.2,0.2,0.2,0.3,6,9,10,0,0,0,0,0,0.03,0.03,0.06,0.03
"Burnley","Florentino Luís",5,477,0,1,1,0,0,0,0.1,0.1,0.2,0.2,1,20,4,0,0.19,0.19,0,0.19,0.01,0.03,0.05,0.01
"Burnley","Hannibal Mejbri",3,258,0,1,1,0,0,0,0.2,0.2,0.7,0.9,6,6,8,0,0.35,0.35,0,0.35,0.06,0.25,0.31,0.06
"Burnley","Oliver Sonne",1,104,0,0,0,0,0,0,0,0,0,0.1,0,4,3,0,0,0,0,0,0.03,0.03,0.06,0.03
"Burnley","Loum Tchaouna",4,345,1,0,1,1,0,0,0.3,0.3,0.1,0.5,4,7,12,0.26,0,0.26,0.26,0.26,0.09,0.03,0.12,0.09
"Burnley","Axel Tuanzebe",3,270,0,0,0,0,0,0,0,0,0,0,0,3,1,0,0,0,0,0,0,0,0,0
"Burnley","Lesley Ugochukwu",5,459,2,0,2,2,0,0,0.8,0.8,0,0.8,4,9,6,0.39,0,0.39,0.39,0.39,0.15,0,0.16,0.15
"Burnley","Kyle Walker",9,810,0,1,1,0,0,0,0.1,0.1,0.4,0.5,13,23,12,0,0.11,0.11,0,0.11,0.01,0.04,0.06,0.01
"Burnley","Joe Worrall",0,22,0,0,0,0,0,0,0,0,0,0,0,1,1,0,0,0,0,0,0,0,0,0
"Chelsea","Joshua Acheampong",4,349,1,0,1,1,0,0,0.6,0.6,0,0.6,4,11,0,0.26,0,0.26,0.26,0.26,0.16,0,0.16,0.16
"Chelsea","Tosin Adarabioyo",3,379,0,0,0,0,0,0,0,0,0,0,2,15,0,0,0,0,0,0,0.01,0,0.01,0.01
"Chelsea","Benoît Badiashile",1,66,0,0,0,0,0,0,0,0,0,0,0,4,0,0,0,0,0,0,0,0,0,0
"Chelsea","Facundo Buonanotte",1,45,0,0,0,0,0,0,0,0,0.3,0.3,0,0,5,0,0,0,0,0,0,0.51,0.51,0
"Chelsea","Moisés Caicedo",8,765,3,0,3,3,0,0,0.6,0.6,0.1,0.7,6,49,6,0.35,0,0.35,0.35,0.35,0.07,0.02,0.08,0.07
"Chelsea","Trevoh Chalobah",8,660,2,0,2,2,0,0,0.7,0.7,0.1,0.8,9,29,0,0.27,0,0.27,0.27,0.27,0.1,0.01,0.11,0.1
"Chelsea","Marc Cucurella",8,716,0,2,2,0,0,0,0.4,0.4,1.5,1.9,15,33,31,0,0.25,0.25,0,0.25,0.04,0.19,0.23,0.04
"Chelsea","Liam Delap",2,92,0,0,0,0,0,0,0.2,0.2,0,0.2,2,3,4,0,0,0,0,0,0.22,0,0.22,0.22
"Chelsea","Enzo Fernández",8,708,3,1,4,2,1,1,3.9,3.1,1.1,4.2,10,56,35,0.38,0.13,0.51,0.25,0.38,0.49,0.15,0.64,0.39
"Chelsea","Wesley Fofana",2,130,0,0,0,0,0,0,0,0,0,0,3,4,1,0,0,0,0,0,0,0,0,0
"Chelsea","Alejandro Garnacho",3,188,1,0,1,1,0,0,0.3,0.3,0.1,0.4,19,2,30,0.48,0,0.48,0.48,0.48,0.13,0.04,0.17,0.13
"Chelsea","Tyrique George",0,145,0,0,0,0,0,0,0.3,0.3,0,0.3,1,4,10,0,0,0,0,0,0.2,0,0.2,0.2
"Chelsea","Jamie Gittens",2,221,0,0,0,0,0,0,0.1,0.1,0.2,0.3,12,4,17,0,0,0,0,0,0.05,0.07,0.13,0.05
"Chelsea","Marc Guiu",1,136,0,0,0,0,0,0,0.6,0.6,0,0.6,1,1,6,0,0,0,0,0,0.39,0,0.39,0.39
"Chelsea","Malo Gusto",4,401,0,1,1,0,0,0,0.1,0.1,0.2,0.3,9,23,25,0,0.22,0.22,0,0.22,0.02,0.05,0.07,0.02
"Chelsea","Jorrel Hato",2,168,0,0,0,0,0,0,0,0,0,0,0,4,1,0,0,0,0,0,0,0,0,0
"Chelsea","Reece James",6,605,1,2,3,1,0,0,0.3,0.3,1.3,1.7,9,45,20,0.15,0.3,0.45,0.15,0.45,0.05,0.2,0.25,0.05
"Chelsea","João Pedro",9,758,2,3,5,2,0,0,1.6,1.6,1.8,3.3,20,27,52,0.24,0.36,0.59,0.24,0.59,0.19,0.21,0.4,0.19
"Chelsea","Filip Jørgensen",0,84,0,0,0,0,0,0,0,0,0,0,0,0,0,0,0,0,0,0,0,0,0,0
"Chelsea","Roméo Lavia",1,93,0,0,0,0,0,0,0,0,0,0,1,8,0,0,0,0,0,0,0,0,0,0
"Chelsea","Pedro Neto",9,669,2,2,4,2,0,0,0.8,0.8,1.6,2.4,35,24,69,0.27,0.27,0.54,0.27,0.54,0.11,0.22,0.32,0.11
"Chelsea","Cole Palmer",2,145,1,0,1,1,0,0,0.8,0.8,0,0.8,9,11,14,0.62,0,0.62,0.62,0.62,0.5,0.01,0.51,0.5
"Chelsea","Robert Sánchez",9,724,0,0,0,0,0,0,0,0,0.1,0.1,0,0,0,0,0,0,0,0,0,0.01,0.01,0
"Chelsea","Andrey Santos",2,225,0,0,0,0,0,0,0.7,0.7,0.1,0.8,4,13,10,0,0,0,0,0,0.28,0.03,0.31,0.28
"Chelsea","Estêvão Willian",4,310,1,1,2,1,0,0,1.7,1.7,1.3,3,12,4,32,0.29,0.29,0.58,0.29,0.58,0.51,0.37,0.87,0.51
"Crystal Palace","Nathaniel Clyne",0,5,0,0,0,0,0,0,0,0,0,0,0,0,0,0,0,0,0,0,0,0,0,0
"Crystal Palace","Justin Devenny",1,149,0,0,0,0,0,0,0.4,0.4,0.1,0.5,5,5,9,0,0,0,0,0,0.26,0.07,0.33,0.26
"Crystal Palace","Odsonne Édouard",0,3,0,0,0,0,0,0,0,0,0,0,0,0,0,0,0,0,0,0,0,0,0,0
"Crystal Palace","Romain Esse",0,25,0,0,0,0,0,0,0,0,0,0,0,2,3,0,0,0,0,0,0,0,0,0
"Crystal Palace","Eberechi Eze",1,83,0,0,0,0,0,0,0.2,0.2,0,0.2,0,1,2,0,0,0,0,0,0.26,0,0.26,0.26
"Crystal Palace","Marc Guéhi",9,810,1,1,2,1,0,0,0.9,0.9,1.1,1.9,8,42,4,0.11,0.11,0.22,0.11,0.22,0.1,0.12,0.21,0.1
"Crystal Palace","Dean Henderson",9,810,0,0,0,0,0,0,0,0,0,0,0,0,0,0,0,0,0,0,0,0,0,0
"Crystal Palace","Will Hughes",5,429,0,0,0,0,0,0,0.2,0.2,0.5,0.7,2,27,3,0,0,0,0,0,0.03,0.1,0.14,0.03
"Crystal Palace","Daichi Kamada",7,598,0,0,0,0,0,0,0.4,0.4,0.9,1.3,9,28,17,0,0,0,0,0,0.06,0.14,0.2,0.06
"Crystal Palace","Maxence Lacroix",9,810,0,1,1,0,0,0,0.3,0.3,0.6,0.9,0,15,3,0,0.11,0.11,0,0.11,0.04,0.06,0.1,0.04
"Crystal Palace","Jefferson Lerma",1,186,0,0,0,0,0,0,0.5,0.5,0,0.6,1,11,2,0,0,0,0,0,0.25,0.02,0.27,0.25
"Crystal Palace","Jean-Philippe Mateta",9,780,5,0,5,3,2,2,7.9,6.3,0.1,6.4,5,9,38,0.58,0,0.58,0.35,0.35,0.91,0.02,0.92,0.73
"Crystal Palace","Tyrick Mitchell",9,809,1,0,1,1,0,0,0.4,0.4,0.6,1,22,14,60,0.11,0,0.11,0.11,0.11,0.05,0.07,0.11,0.05
"Crystal Palace","Daniel Muñoz",9,809,1,2,3,1,0,0,0.9,0.9,2.4,3.3,11,20,55,0.11,0.22,0.33,0.11,0.33,0.1,0.27,0.36,0.1
"Crystal Palace","Eddie Nketiah",0,112,1,0,1,1,0,0,0.9,0.9,0.8,1.7,3,2,4,0.8,0,0.8,0.8,0.8,0.71,0.66,1.38,0.71
"Crystal Palace","Yeremi Pino",6,429,0,0,0,0,0,0,1.1,1.1,1.2,2.4,10,29,34,0,0,0,0,0,0.24,0.26,0.5,0.24
"Crystal Palace","Chris Richards",9,810,0,0,0,0,0,0,0.4,0.4,0.3,0.7,2,15,1,0,0,0,0,0,0.04,0.03,0.07,0.04
"Crystal Palace","Ismaila Sarr",7,611,3,1,4,3,0,0,3.2,3.2,0.5,3.8,15,23,32,0.44,0.15,0.59,0.44,0.59,0.48,0.08,0.56,0.48
"Crystal Palace","Borna Sosa",0,1,0,0,0,0,0,0,0,0,0,0,0,0,0,0,0,0,0,0,0,0,0,0
"Crystal Palace","Christantus Uche",0,11,0,0,0,0,0,0,0,0,0,0,1,0,3,0,0,0,0,0,0.08,0,0.08,0.08
"Crystal Palace","Adam Wharton",8,630,0,0,0,0,0,0,0.2,0.2,2.2,2.4,9,36,7,0,0,0,0,0,0.03,0.31,0.35,0.03
"Everton","Carlos Alcaraz",2,239,0,0,0,0,0,0,0.2,0.2,0,0.3,2,5,12,0,0,0,0,0,0.09,0.01,0.1,0.09
"Everton","Harrison Armstrong",0,1,0,0,0,0,0,0,0,0,0,0,0,0,0,0,0,0,0,0,0,0,0,0
"Everton","Thierno Barry",2,252,0,0,0,0,0,0,0.5,0.5,0,0.5,2,2,14,0,0,0,0,0,0.18,0.01,0.18,0.18
"Everton","Beto",7,563,1,0,1,1,0,0,3.9,3.9,0.4,4.3,2,2,25,0.16,0,0.16,0.16,0.16,0.63,0.06,0.68,0.63
"Everton","Séamus Coleman",0,2,0,0,0,0,0,0,0,0,0,0,0,0,0,0,0,0,0,0,0,0,0,0
"Everton","Kiernan Dewsbury-Hall",8,715,1,1,2,1,0,0,0.6,0.6,2,2.7,12,44,28,0.13,0.13,0.25,0.13,0.25,0.08,0.26,0.34,0.08
"Everton","Tyler Dibling",1,65,0,0,0,0,0,0,0,0,0,0,2,0,5,0,0,0,0,0,0,0,0,0
"Everton","Idrissa Gana Gueye",9,769,1,0,1,1,0,0,0.8,0.8,0.1,1,3,42,12,0.12,0,0.12,0.12,0.12,0.1,0.02,0.11,0.1
"Everton","James Garner",9,810,1,1,2,1,0,0,0.7,0.7,0.9,1.7,8,45,14,0.11,0.11,0.22,0.11,0.22,0.08,0.1,0.18,0.08
"Everton","Jack Grealish",7,646,1,4,5,1,0,0,1.1,1.1,2.6,3.7,56,32,71,0.14,0.56,0.7,0.14,0.7,0.15,0.36,0.51,0.15
"Everton","Tim Iroegbunam",3,267,0,0,0,0,0,0,0.2,0.2,0,0.2,1,8,6,0,0,0,0,0,0.05,0,0.05,0.05
"Everton","Michael Keane",9,784,1,0,1,1,0,0,0.8,0.8,0.1,0.9,2,23,1,0.11,0,0.11,0.11,0.11,0.09,0.01,0.1,0.09
"Everton","Dwight McNeil",0,25,0,0,0,0,0,0,0.2,0.2,0.1,0.4,0,0,2,0,0,0,0,0,0.88,0.51,1.39,0.88
"Everton","Vitaliy Mykolenko",6,535,0,0,0,0,0,0,0,0,0.2,0.2,9,31,29,0,0,0,0,0,0.01,0.04,0.04,0.01
"Everton","Iliman Ndiaye",9,761,3,1,4,2,1,1,2.4,1.6,2,3.6,29,13,48,0.35,0.12,0.47,0.24,0.35,0.28,0.24,0.52,0.19
"Everton","Jake O'Brien",9,785,0,0,0,0,0,0,0.4,0.4,0.1,0.5,8,23,20,0,0,0,0,0,0.05,0.01,0.06,0.05
"Everton","Jordan Pickford",9,810,0,0,0,0,0,0,0,0,0,0,0,0,0,0,0,0,0,0,0,0,0,0
"Everton","Merlin Röhl",0,71,0,0,0,0,0,0,0.3,0.3,0.1,0.3,1,3,5,0,0,0,0,0,0.33,0.09,0.42,0.33
"Everton","James Tarkowski",9,810,0,0,0,0,0,0,0.4,0.4,0.4,0.8,5,28,3,0,0,0,0,0,0.05,0.05,0.09,0.05
"Fulham","Joachim Andersen",8,671,0,0,0,0,0,0,0.4,0.4,0.7,1.1,7,28,3,0,0,0,0,0,0.06,0.09,0.15,0.06
"Fulham","Calvin Bassey",8,729,0,0,0,0,0,0,0.2,0.2,0,0.2,10,20,2,0,0,0,0,0,0.02,0,0.02,0.02
"Fulham","Sander Berge",9,778,0,0,0,0,0,0,0.4,0.4,0.4,0.9,11,42,4,0,0,0,0,0,0.05,0.05,0.1,0.05
"Fulham","Tom Cairney",1,184,0,0,0,0,0,0,0.3,0.3,0,0.3,2,12,3,0,0,0,0,0,0.15,0.01,0.16,0.15
"Fulham","Timothy Castagne",5,398,0,0,0,0,0,0,0.4,0.4,0.2,0.6,5,9,20,0,0,0,0,0,0.1,0.04,0.13,0.1
"Fulham","Samuel Chukwueze",0,35,0,1,1,0,0,0,0.2,0.2,0.5,0.6,3,1,6,0,2.57,2.57,0,2.57,0.46,1.17,1.63,0.46
"Fulham","Jorge Cuenca",2,169,0,0,0,0,0,0,0,0,0,0,0,2,0,0,0,0,0,0,0,0,0,0
"Fulham","Issa Diop",2,224,0,0,0,0,0,0,0,0,0,0,1,7,0,0,0,0,0,0,0,0,0,0
"Fulham","Alex Iwobi",9,720,1,2,3,1,0,0,0.5,0.5,1.6,2.1,35,52,45,0.12,0.25,0.37,0.12,0.37,0.06,0.2,0.26,0.06
"Fulham","Raúl Jiménez",4,324,1,0,1,1,0,0,1.2,1.2,0,1.2,1,5,18,0.28,0,0.28,0.28,0.28,0.34,0,0.34,0.34
"Fulham","Kevin",0,161,0,0,0,0,0,0,0.1,0.1,0.3,0.3,13,5,20,0,0,0,0,0,0.03,0.14,0.17,0.03
"Fulham","Joshua King",8,545,0,0,0,0,0,0,0.8,0.8,0.1,0.9,16,20,31,0,0,0,0,0,0.13,0.02,0.15,0.13
"Fulham","Jonah Kusi-Asare",0,1,0,0,0,0,0,0,0,0,0,0,0,1,0,0,0,0,0,0,0,0,0,0
"Fulham","Bernd Leno",9,810,0,0,0,0,0,0,0,0,0,0,0,0,0,0,0,0,0,0,0,0,0,0
"Fulham","Saša Lukić",8,631,1,1,2,1,0,0,1.5,1.5,1.1,2.6,14,22,21,0.14,0.14,0.29,0.14,0.29,0.21,0.16,0.37,0.21
"Fulham","Rodrigo Muniz",4,316,1,1,2,1,0,0,0.9,0.9,0.3,1.2,0,2,7,0.28,0.28,0.57,0.28,0.57,0.27,0.08,0.34,0.27
"Fulham","Antonee Robinson",0,64,0,0,0,0,0,0,0,0,0,0,4,5,10,0,0,0,0,0,0,0.04,0.04,0
"Fulham","Ryan Sessegnon",8,656,1,0,1,1,0,0,0.5,0.5,0.8,1.3,17,21,35,0.14,0,0.14,0.14,0.14,0.06,0.12,0.18,0.06
"Fulham","Emile Smith Rowe",1,203,1,0,1,1,0,0,0.9,0.9,0.1,1,2,11,12,0.44,0,0.44,0.44,0.44,0.39,0.03,0.42,0.39
"Fulham","Kenny Tete",6,539,0,0,0,0,0,0,0.1,0.1,0.1,0.2,7,28,6,0,0,0,0,0,0.01,0.02,0.04,0.01
"Fulham","Adama Traoré",1,232,0,0,0,0,0,0,0.1,0.1,0.5,0.6,13,3,22,0,0,0,0,0,0.05,0.18,0.23,0.05
"Fulham","Harry Wilson",6,520,1,0,1,1,0,0,0.9,0.9,0.2,1.1,6,11,38,0.17,0,0.17,0.17,0.17,0.16,0.04,0.2,0.16
"Leeds United","Brenden Aaronson",6,548,1,0,1,1,0,0,1.6,1.6,1,2.7,16,19,32,0.16,0,0.16,0.16,0.16,0.27,0.17,0.44,0.27
"Leeds United","Ethan Ampadu",7,607,0,0,0,0,0,0,0.4,0.4,0.1,0.5,11,26,7,0,0,0,0,0,0.06,0.01,0.07,0.06
"Leeds United","Jaka Bijol",1,90,0,0,0,0,0,0,0,0,0.1,0.1,0,1,0,0,0,0,0,0,0,0.08,0.08,0
"Leeds United","Jayden Bogle",9,792,0,0,0,0,0,0,0.7,0.7,0.2,0.9,22,23,40,0,0,0,0,0,0.08,0.02,0.1,0.08
"Leeds United","Sam Byram",0,8,0,0,0,0,0,0,0,0,0,0,0,0,0,0,0,0,0,0,0,0,0,0
"Leeds United","Dominic Calvert-Lewin",6,533,1,0,1,1,0,0,1.8,1.8,0.9,2.7,6,7,26,0.17,0,0.17,0.17,0.17,0.3,0.15,0.45,0.3
"Leeds United","Karl Darlow",5,450,0,0,0,0,0,0,0,0,0,0,0,1,0,0,0,0,0,0,0,0,0,0
"Leeds United","Wilfried Gnonto",3,192,0,0,0,0,0,0,0.2,0.2,0.1,0.3,4,4,14,0,0,0,0,0,0.08,0.04,0.12,0.08
"Leeds United","Ilia Gruev",2,213,0,0,0,0,0,0,0,0,0,0,0,7,0,0,0,0,0,0,0,0,0,0
"Leeds United","Gabriel Gudmundsson",9,740,0,0,0,0,0,0,0.2,0.2,1.3,1.5,25,27,32,0,0,0,0,0,0.02,0.16,0.18,0.02
"Leeds United","Jack Harrison",1,245,0,0,0,0,0,0,0.3,0.3,0.3,0.6,8,8,16,0,0,0,0,0,0.1,0.11,0.22,0.1
"Leeds United","Daniel James",3,242,0,0,0,0,0,0,0.4,0.4,0.4,0.9,15,6,24,0,0,0,0,0,0.16,0.16,0.32,0.16
"Leeds United","James Justin",0,68,0,0,0,0,0,0,0,0,0,0,0,2,2,0,0,0,0,0,0,0,0,0
"Leeds United","Sean Longstaff",7,656,1,2,3,1,0,0,0.4,0.4,1.8,2.2,2,20,11,0.14,0.27,0.41,0.14,0.41,0.06,0.24,0.3,0.06
"Leeds United","Lukas Nmecha",1,180,1,0,1,0,1,1,1.7,0.9,0,0.9,1,2,10,0.5,0,0.5,0,0,0.83,0,0.83,0.46
"Leeds United","Noah Okafor",5,351,2,0,2,2,0,0,1.4,1.4,0.4,1.8,9,11,28,0.51,0,0.51,0.51,0.51,0.35,0.11,0.45,0.35
"Leeds United","Lucas Perri",4,360,0,0,0,0,0,0,0,0,0,0,0,0,0,0,0,0,0,0,0,0,0,0
"Leeds United","Joël Piroe",2,164,0,0,0,0,0,0,0.6,0.6,0,0.6,1,1,6,0,0,0,0,0,0.31,0,0.31,0.31
"Leeds United","Joe Rodon",9,810,2,0,2,2,0,0,0.7,0.7,0.1,0.8,6,39,0,0.22,0,0.22,0.22,0.22,0.08,0.01,0.09,0.08
"Leeds United","Anton Stach",8,678,1,1,2,1,0,0,0.8,0.8,1,1.8,12,40,22,0.13,0.13,0.27,0.13,0.27,0.11,0.13,0.23,0.11
"Leeds United","Pascal Struijk",8,720,0,0,0,0,0,0,0.8,0.8,0.1,0.8,1,23,3,0,0,0,0,0,0.1,0.01,0.1,0.1
"Leeds United","Ao Tanaka",3,263,0,0,0,0,0,0,0.2,0.2,0.2,0.4,2,15,3,0,0,0,0,0,0.06,0.07,0.12,0.06
"Liverpool","Alisson",6,540,0,0,0,0,0,0,0,0,0,0,0,4,0,0,0,0,0,0,0,0,0,0
"Liverpool","Conor Bradley",5,358,0,0,0,0,0,0,0.1,0.1,0,0.1,14,19,17,0,0,0,0,0,0.02,0.01,0.02,0.02
"Liverpool","Federico Chiesa",0,117,2,1,3,2,0,0,0.9,0.9,0.9,1.8,3,6,11,1.54,0.77,2.31,1.54,2.31,0.66,0.71,1.38,0.66
"Liverpool","Hugo Ekitike",6,501,3,1,4,3,0,0,2.3,2.3,0.4,2.8,8,9,29,0.54,0.18,0.72,0.54,0.72,0.42,0.08,0.5,0.42
"Liverpool","Harvey Elliott",0,1,0,0,0,0,0,0,0,0,0,0,0,0,1,0,0,0,0,0,0,0,0,0
"Liverpool","Wataru Endo",0,39,0,1,1,0,0,0,0,0,0.1,0.1,2,1,0,0,2.31,2.31,0,2.31,0,0.25,0.25,0
"Liverpool","Jeremie Frimpong",1,86,0,0,0,0,0,0,0.1,0.1,0.3,0.4,4,3,10,0,0,0,0,0,0.08,0.31,0.39,0.08
"Liverpool","Cody Gakpo",8,704,3,2,5,3,0,0,2.7,2.7,2.9,5.6,31,26,80,0.38,0.26,0.64,0.38,0.64,0.35,0.37,0.72,0.35
"Liverpool","Joe Gomez",0,39,0,0,0,0,0,0,0.1,0.1,0,0.1,0,1,1,0,0,0,0,0,0.3,0,0.3,0.3
"Liverpool","Ryan Gravenberch",7,601,2,1,3,2,0,0,0.4,0.4,0.6,1,18,35,15,0.3,0.15,0.45,0.3,0.45,0.06,0.08,0.15,0.06
"Liverpool","Alexander Isak",3,251,0,1,1,0,0,0,0.9,0.9,0.5,1.5,1,7,11,0,0.36,0.36,0,0.36,0.34,0.2,0.54,0.34
"Liverpool","Curtis Jones",2,327,0,0,0,0,0,0,0.3,0.3,0.4,0.7,13,46,12,0,0,0,0,0,0.09,0.11,0.19,0.09
"Liverpool","Milos Kerkez",9,660,1,0,1,1,0,0,0.8,0.8,0.3,1.1,12,34,38,0.14,0,0.14,0.14,0.14,0.11,0.04,0.15,0.11
"Liverpool","Ibrahima Konaté",9,742,0,0,0,0,0,0,0.6,0.6,0.5,1.2,12,37,0,0,0,0,0,0,0.08,0.07,0.14,0.08
"Liverpool","Alexis Mac Allister",7,475,0,1,1,0,0,0,0.5,0.5,1.1,1.7,12,19,14,0,0.19,0.19,0,0.19,0.1,0.21,0.31,0.1
"Liverpool","Giorgi Mamardashvili",3,270,0,0,0,0,0,0,0,0,0,0,0,0,0,0,0,0,0,0,0,0,0,0
"Liverpool","Rio Ngumoha",0,33,1,0,1,1,0,0,0.4,0.4,0.1,0.4,5,0,10,2.73,0,2.73,2.73,2.73,0.97,0.26,1.23,0.97
"Liverpool","Andrew Robertson",0,150,0,0,0,0,0,0,0.1,0.1,0.3,0.5,6,11,15,0,0,0,0,0,0.08,0.2,0.28,0.08
"Liverpool","Mohamed Salah",9,803,3,2,5,2,1,1,3,2.3,1.6,3.9,28,30,98,0.34,0.22,0.56,0.22,0.45,0.34,0.18,0.53,0.25
"Liverpool","Dominik Szoboszlai",9,810,1,1,2,1,0,0,1.1,1.1,1.3,2.3,25,69,38,0.11,0.11,0.22,0.11,0.22,0.12,0.14,0.26,0.12
"Liverpool","Virgil van Dijk",9,810,0,0,0,0,0,0,0.4,0.4,0.1,0.5,13,56,7,0,0,0,0,0,0.05,0.01,0.05,0.05
"Liverpool","Florian Wirtz",6,593,0,0,0,0,0,0,1.2,1.2,1.1,2.3,19,44,47,0,0,0,0,0,0.18,0.16,0.35,0.18
"Manchester City","Rayan Aït-Nouri",3,202,0,0,0,0,0,0,0,0,0.2,0.2,6,7,8,0,0,0,0,0,0.02,0.09,0.11,0.02
"Manchester City","Nathan Aké",1,205,0,0,0,0,0,0,0.3,0.3,0.1,0.4,4,20,2,0,0,0,0,0,0.12,0.04,0.16,0.12
"Manchester City","Oscar Bobb",5,454,0,1,1,0,0,0,0.4,0.4,0.6,1,16,17,52,0,0.2,0.2,0,0.2,0.07,0.13,0.2,0.07
"Manchester City","Rayan Cherki",1,92,1,0,1,1,0,0,0.3,0.3,0.9,1.1,3,9,5,0.98,0,0.98,0.98,0.98,0.26,0.85,1.11,0.26
"Manchester City","Rúben Dias",8,726,0,0,0,0,0,0,0.1,0.1,0,0.2,9,29,0,0,0,0,0,0,0.02,0,0.02,0.02
"Manchester City","Jeremy Doku",5,476,0,3,3,0,0,0,0.9,0.9,2.6,3.5,61,22,70,0,0.57,0.57,0,0.57,0.18,0.48,0.66,0.18
"Manchester City","Gianluigi Donnarumma",6,540,0,0,0,0,0,0,0,0,0,0,0,0,0,0,0,0,0,0,0,0,0,0
"Manchester City","Phil Foden",6,533,1,0,1,1,0,0,1.1,1.1,1,2.1,11,31,33,0.17,0,0.17,0.17,0.17,0.18,0.17,0.35,0.18
"Manchester City","Nicolás González",4,468,0,0,0,0,0,0,0.2,0.2,0.4,0.6,7,32,6,0,0,0,0,0,0.04,0.07,0.11,0.04
"Manchester City","Joško Gvardiol",5,429,0,1,1,0,0,0,0.2,0.2,0.3,0.5,7,33,0,0,0.21,0.21,0,0.21,0.03,0.07,0.1,0.03
"Manchester City","Erling Haaland",9,773,11,1,12,11,0,0,8.9,8.9,1.1,10,16,6,30,1.28,0.12,1.4,1.28,1.4,1.03,0.13,1.17,1.03
"Manchester City","Abdukodir Khusanov",3,228,0,0,0,0,0,0,0,0,0,0,2,5,4,0,0,0,0,0,0,0,0,0
"Manchester City","Mateo Kovačić",0,5,0,0,0,0,0,0,0,0,0,0,0,1,0,0,0,0,0,0,0,0,0,0
"Manchester City","Rico Lewis",2,175,0,1,1,0,0,0,0,0,1,1,2,19,9,0,0.51,0.51,0,0.51,0.01,0.52,0.53,0.01
"Manchester City","Omar Marmoush",2,156,0,1,1,0,0,0,0.8,0.8,1,1.8,7,5,15,0,0.58,0.58,0,0.58,0.48,0.55,1.03,0.48
"Manchester City","Matheus Nunes",5,514,1,0,1,1,0,0,0.2,0.2,0.2,0.4,16,29,18,0.18,0,0.18,0.18,0.18,0.04,0.03,0.07,0.04
"Manchester City","Nico O’Reilly",5,506,0,1,1,0,0,0,0.5,0.5,0.6,1.1,16,11,26,0,0.18,0.18,0,0.18,0.09,0.11,0.2,0.09
"Manchester City","Tijjani Reijnders",9,740,1,2,3,1,0,0,1.4,1.4,1.4,2.8,21,37,28,0.12,0.24,0.36,0.12,0.36,0.17,0.17,0.34,0.17
"Manchester City","Rodri",4,292,0,0,0,0,0,0,0.1,0.1,0.1,0.2,4,19,5,0,0,0,0,0,0.04,0.03,0.07,0.04
"Manchester City","Sávio",4,336,0,1,1,0,0,0,0.2,0.2,0.3,0.5,21,7,28,0,0.27,0.27,0,0.27,0.07,0.07,0.14,0.07
"Manchester City","Bernardo Silva",5,465,0,1,1,0,0,0,0.1,0.1,1.9,1.9,7,19,26,0,0.19,0.19,0,0.19,0.01,0.36,0.37,0.01
"Manchester City","John Stones",4,325,0,0,0,0,0,0,0,0,0.1,0.1,3,15,4,0,0,0,0,0,0,0.02,0.02,0
"Manchester City","James Trafford",3,270,0,0,0,0,0,0,0,0,0,0,0,0,0,0,0,0,0,0,0,0,0,0
"Manchester Utd","Altay Bayındır",6,540,0,0,0,0,0,0,0,0,0.2,0.2,0,0,0,0,0,0,0,0,0,0.04,0.04,0
"Manchester Utd","Casemiro",7,453,2,1,3,2,0,0,1.1,1.1,0.3,1.3,0,24,8,0.4,0.2,0.6,0.4,0.6,0.21,0.05,0.26,0.21
"Manchester Utd","Matheus Cunha",6,522,1,0,1,1,0,0,1.5,1.5,0.5,1.9,16,22,26,0.17,0,0.17,0.17,0.17,0.25,0.08,0.33,0.25
"Manchester Utd","Diogo Dalot",6,516,0,1,1,0,0,0,0.1,0.1,1,1.1,15,15,35,0,0.17,0.17,0,0.17,0.01,0.18,0.19,0.01
"Manchester Utd","Amad Diallo",7,574,0,1,1,0,0,0,1.9,1.9,1.2,3.1,37,27,47,0,0.16,0.16,0,0.16,0.3,0.19,0.49,0.3
"Manchester Utd","Patrick Dorgu",5,524,0,1,1,0,0,0,0.2,0.2,0.9,1.1,17,8,44,0,0.17,0.17,0,0.17,0.04,0.15,0.19,0.04
"Manchester Utd","Bruno Fernandes",9,800,2,1,3,1,1,3,4.3,1.9,2,3.9,14,72,27,0.23,0.11,0.34,0.11,0.23,0.48,0.22,0.71,0.22
"Manchester Utd","Ayden Heaven",0,30,0,1,1,0,0,0,0,0,0.3,0.3,0,1,0,0,3,3,0,3,0,0.95,0.95,0
"Manchester Utd","Senne Lammens",3,270,0,0,0,0,0,0,0,0,0,0,0,0,0,0,0,0,0,0,0,0,0,0
"Manchester Utd","Matthijs de Ligt",9,810,0,0,0,0,0,0,0.9,0.9,0.5,1.4,3,16,6,0,0,0,0,0,0.1,0.06,0.16,0.1
"Manchester Utd","Harry Maguire",3,274,1,1,2,1,0,0,0.3,0.3,0.4,0.7,1,12,2,0.33,0.33,0.66,0.33,0.66,0.1,0.12,0.22,0.1
"Manchester Utd","Kobbie Mainoo",0,144,0,0,0,0,0,0,0.1,0.1,0.2,0.2,5,7,4,0,0,0,0,0,0.04,0.11,0.15,0.04
"Manchester Utd","Noussair Mazraoui",2,131,0,0,0,0,0,0,0,0,0,0,6,19,13,0,0,0,0,0,0,0,0,0
"Manchester Utd","Bryan Mbeumo",9,775,4,1,5,4,0,0,2.9,2.9,2.3,5.2,27,20,82,0.46,0.12,0.58,0.46,0.58,0.33,0.27,0.6,0.33
"Manchester Utd","Mason Mount",5,332,1,0,1,1,0,0,0.5,0.5,0.5,1,5,19,15,0.27,0,0.27,0.27,0.27,0.14,0.13,0.26,0.14
"Manchester Utd","Benjamin Šeško",5,498,2,1,3,2,0,0,1.8,1.8,0.3,2.2,3,9,20,0.36,0.18,0.54,0.36,0.54,0.33,0.06,0.39,0.33
"Manchester Utd","Luke Shaw",9,753,0,1,1,0,0,0,0.1,0.1,0.1,0.2,8,34,7,0,0.12,0.12,0,0.12,0.01,0.01,0.02,0.01
"Manchester Utd","Manuel Ugarte",2,285,0,0,0,0,0,0,0,0,0,0.1,4,19,3,0,0,0,0,0,0.02,0.01,0.02,0.02
"Manchester Utd","Leny Yoro",6,547,0,0,0,0,0,0,0.3,0.3,0,0.3,5,20,3,0,0,0,0,0,0.05,0,0.05,0.05
"Manchester Utd","Joshua Zirkzee",0,86,0,0,0,0,0,0,0.8,0.8,0,0.8,0,4,5,0,0,0,0,0,0.81,0.05,0.86,0.81
"Newcastle Utd","Harvey Barnes",3,368,0,0,0,0,0,0,0.9,0.9,0.8,1.8,17,16,40,0,0,0,0,0,0.23,0.21,0.43,0.23
"Newcastle Utd","Sven Botman",6,488,0,0,0,0,0,0,0.1,0.1,0.2,0.3,0,12,0,0,0,0,0,0,0.02,0.04,0.06,0.02
"Newcastle Utd","Dan Burn",9,810,0,1,1,0,0,0,0.1,0.1,0.1,0.2,3,26,11,0,0.11,0.11,0,0.11,0.01,0.01,0.02,0.01
"Newcastle Utd","Anthony Elanga",4,389,0,0,0,0,0,0,0.8,0.8,0.6,1.3,17,6,56,0,0,0,0,0,0.18,0.13,0.31,0.18
"Newcastle Utd","Anthony Gordon",6,413,0,0,0,0,0,0,1.3,1.3,1,2.3,17,12,33,0,0,0,0,0,0.29,0.21,0.5,0.29
"Newcastle Utd","Bruno Guimarães",8,715,3,0,3,3,0,0,1.5,1.5,0.5,1.9,7,55,20,0.38,0,0.38,0.38,0.38,0.19,0.06,0.25,0.19
"Newcastle Utd","Lewis Hall",1,135,0,0,0,0,0,0,0,0,0,0,0,9,7,0,0,0,0,0,0.02,0,0.02,0.02
"Newcastle Utd","Joelinton",7,534,0,0,0,0,0,0,0.6,0.6,0.9,1.5,9,32,20,0,0,0,0,0,0.11,0.15,0.26,0.11
"Newcastle Utd","Jamaal Lascelles",0,21,0,0,0,0,0,0,0,0,0,0,0,0,1,0,0,0,0,0,0.16,0,0.16,0.16
"Newcastle Utd","Valentino Livramento",6,526,0,1,1,0,0,0,0,0,0.2,0.2,14,24,38,0,0.17,0.17,0,0.17,0,0.03,0.03,0
"Newcastle Utd","Lewis Miley",2,274,0,1,1,0,0,0,0,0,0.3,0.3,2,10,9,0,0.33,0.33,0,0.33,0.01,0.09,0.1,0.01
"Newcastle Utd","Jacob Murphy",5,416,1,1,2,1,0,0,2,2,1.1,3.1,12,11,60,0.22,0.22,0.43,0.22,0.43,0.44,0.24,0.68,0.44
"Newcastle Utd","William Osula",1,174,1,0,1,1,0,0,0.5,0.5,0.1,0.6,3,2,10,0.52,0,0.52,0.52,0.52,0.28,0.04,0.32,0.28
"Newcastle Utd","Nick Pope",9,810,0,0,0,0,0,0,0,0,0,0,0,0,0,0,0,0,0,0,0,0,0,0
"Newcastle Utd","Jacob Ramsey",1,81,0,0,0,0,0,0,0,0,0.3,0.3,5,5,5,0,0,0,0,0,0.03,0.35,0.38,0.03
"Newcastle Utd","Fabian Schär",4,380,0,0,0,0,0,0,0.1,0.1,0.1,0.2,3,17,1,0,0,0,0,0,0.02,0.03,0.05,0.02
"Newcastle Utd","Malick Thiaw",5,453,0,0,0,0,0,0,0.6,0.6,0.3,0.9,4,24,3,0,0,0,0,0,0.13,0.06,0.18,0.13
"Newcastle Utd","Sandro Tonali",8,704,0,1,1,0,0,0,0.4,0.4,1.6,2.1,17,58,17,0,0.13,0.13,0,0.13,0.06,0.21,0.27,0.06
"Newcastle Utd","Kieran Trippier",7,609,0,0,0,0,0,0,0,0,0.8,0.8,9,64,33,0,0,0,0,0,0,0.12,0.12,0
"Newcastle Utd","Joe Willock",1,87,0,0,0,0,0,0,0.1,0.1,0,0.1,3,1,4,0,0,0,0,0,0.09,0,0.09,0.09
"Newcastle Utd","Nick Woltemade",6,477,4,0,4,3,1,1,3,2.2,0.2,2.4,3,9,20,0.75,0,0.75,0.57,0.57,0.57,0.04,0.61,0.42
"Nott'ham Forest","Ola Aina",3,270,0,0,0,0,0,0,0,0,0.1,0.2,5,11,8,0,0,0,0,0,0.01,0.05,0.06,0.01
"Nott'ham Forest","Elliot Anderson",9,810,0,1,1,0,0,0,0.6,0.6,1.5,2.1,12,78,26,0,0.11,0.11,0,0.11,0.07,0.17,0.23,0.07
"Nott'ham Forest","Taiwo Awoniyi",1,90,0,0,0,0,0,0,0.2,0.2,0.1,0.3,1,1,4,0,0,0,0,0,0.19,0.1,0.29,0.19
"Nott'ham Forest","Dilane Bakwa",2,174,0,0,0,0,0,0,0.1,0.1,0.4,0.5,6,9,22,0,0,0,0,0,0.07,0.2,0.27,0.07
"Nott'ham Forest","Jair Cunha",1,90,0,0,0,0,0,0,0,0,0,0,0,1,0,0,0,0,0,0,0,0,0,0
"Nott'ham Forest","Nicolás Domínguez",1,53,0,0,0,0,0,0,0,0,0,0,0,6,1,0,0,0,0,0,0,0.04,0.04,0
"Nott'ham Forest","Morgan Gibbs-White",8,729,0,1,1,0,0,0,1.7,1.7,0.6,2.3,21,60,67,0,0.12,0.12,0,0.12,0.21,0.08,0.29,0.21
"Nott'ham Forest","Callum Hudson-Odoi",5,481,1,0,1,1,0,0,0.4,0.4,1.4,1.8,28,26,69,0.19,0,0.19,0.19,0.19,0.08,0.25,0.33,0.08
"Nott'ham Forest","Omari Hutchinson",0,102,0,0,0,0,0,0,0.4,0.4,0.7,1.1,6,3,22,0,0,0,0,0,0.37,0.59,0.97,0.37
"Nott'ham Forest","Igor Jesus",1,196,0,0,0,0,0,0,0.9,0.9,0.1,1,0,2,11,0,0,0,0,0,0.42,0.04,0.46,0.42
"Nott'ham Forest","Arnaud Kalimuendo",0,71,0,0,0,0,0,0,0.4,0.4,0,0.4,4,2,12,0,0,0,0,0,0.44,0.02,0.46,0.44
"Nott'ham Forest","Douglas Luiz",3,172,0,0,0,0,0,0,0,0,0.4,0.4,4,2,6,0,0,0,0,0,0.01,0.22,0.24,0.01
"Nott'ham Forest","James Mcatee",1,129,0,0,0,0,0,0,0,0,0.4,0.4,4,9,8,0,0,0,0,0,0.01,0.25,0.26,0.01
"Nott'ham Forest","Nikola Milenković",9,810,0,0,0,0,0,0,0.4,0.4,0.3,0.7,5,27,0,0,0,0,0,0,0.04,0.03,0.08,0.04
"Nott'ham Forest","Morato",5,436,0,0,0,0,0,0,0,0,0,0,1,15,0,0,0,0,0,0,0.01,0,0.01,0.01
"Nott'ham Forest","Murillo",6,469,0,0,0,0,0,0,0,0,0,0,3,28,0,0,0,0,0,0,0,0,0,0
"Nott'ham Forest","Dan Ndoye",8,574,1,1,2,1,0,0,0.2,0.2,0.6,0.8,29,11,60,0.16,0.16,0.31,0.16,0.31,0.03,0.09,0.13,0.03
"Nott'ham Forest","Ibrahim Sangaré",5,442,0,0,0,0,0,0,0.2,0.2,0,0.3,5,32,2,0,0,0,0,0,0.05,0,0.05,0.05
"Nott'ham Forest","Nicolò Savona",2,251,0,0,0,0,0,0,0,0,0,0,3,10,14,0,0,0,0,0,0,0.01,0.01,0
"Nott'ham Forest","Matz Sels",9,810,0,0,0,0,0,0,0,0,0,0,0,0,0,0,0,0,0,0,0,0,0,0
"Nott'ham Forest","Jota Silva",0,12,0,0,0,0,0,0,0,0,0,0,0,0,1,0,0,0,0,0,0,0,0,0
"Nott'ham Forest","Neco Williams",9,810,1,0,1,1,0,0,0.7,0.7,0.5,1.2,18,43,48,0.11,0,0.11,0.11,0.11,0.08,0.06,0.14,0.08
"Nott'ham Forest","Chris Wood",7,540,2,0,2,2,0,0,2.7,2.7,0.2,2.9,0,7,16,0.33,0,0.33,0.33,0.33,0.45,0.03,0.48,0.45
"Nott'ham Forest","Ryan Yates",1,136,0,0,0,0,0,0,0,0,0,0,0,6,1,0,0,0,0,0,0.02,0,0.02,0.02
"Nott'ham Forest","Oleksandr Zinchenko",3,253,0,0,0,0,0,0,0,0,0.5,0.5,6,22,7,0,0,0,0,0,0.02,0.16,0.18,0.02
"Sunderland","Simon Adingra",4,273,0,0,0,0,0,0,0.1,0.1,0.6,0.7,6,2,33,0,0,0,0,0,0.05,0.2,0.24,0.05
"Sunderland","Omar Alderete",7,668,1,1,2,1,0,0,0.6,0.6,0.1,0.7,10,31,2,0.13,0.13,0.27,0.13,0.27,0.08,0.01,0.09,0.08
"Sunderland","Daniel Ballard",4,402,1,0,1,1,0,0,0.6,0.6,0.6,1.2,1,7,2,0.22,0,0.22,0.22,0.22,0.13,0.14,0.27,0.13
"Sunderland","Brian Brobbey",0,76,0,1,1,0,0,0,0,0,0.1,0.1,2,2,2,0,1.18,1.18,0,1.18,0,0.14,0.14,0
"Sunderland","Habib Diarra",4,345,0,0,0,0,0,0,0.6,0.6,0,0.6,10,13,17,0,0,0,0,0,0.15,0.01,0.16,0.15
"Sunderland","Lutsharel Geertruida",1,167,0,0,0,0,0,0,0.7,0.7,0,0.7,3,2,0,0,0,0,0,0,0.36,0,0.36,0.36
"Sunderland","Marc Guiu",0,15,0,0,0,0,0,0,0,0,0,0,0,1,1,0,0,0,0,0,0.14,0,0.14,0.14
"Sunderland","Trai Hume",9,798,0,1,1,0,0,0,0.3,0.3,0.4,0.8,9,30,19,0,0.11,0.11,0,0.11,0.04,0.05,0.08,0.04
"Sunderland","Wilson Isidor",6,528,4,0,4,4,0,0,2.1,2.1,0,2.1,3,4,21,0.68,0,0.68,0.68,0.68,0.35,0,0.35,0.35
"Sunderland","Enzo Le Fée",6,540,1,0,1,0,1,1,0.9,0.1,0.5,0.6,8,14,29,0.17,0,0.17,0,0,0.14,0.08,0.22,0.01
"Sunderland","Reinildo Mandava",6,482,0,0,0,0,0,0,0,0,0,0,12,27,8,0,0,0,0,0,0,0,0,0
"Sunderland","Arthur Masuaku",2,126,0,0,0,0,0,0,0.1,0.1,0.1,0.1,2,5,5,0,0,0,0,0,0.05,0.05,0.1,0.05
"Sunderland","Eliezer Mayenda",3,260,1,0,1,1,0,0,0.5,0.5,0.5,0.9,3,3,8,0.35,0,0.35,0.35,0.35,0.16,0.16,0.33,0.16
"Sunderland","Nordi Mukiele",7,630,1,0,1,1,0,0,0.4,0.4,0.3,0.6,4,17,11,0.14,0,0.14,0.14,0.14,0.05,0.04,0.09,0.05
"Sunderland","Dan Neil",0,2,0,0,0,0,0,0,0,0,0,0,0,0,0,0,0,0,0,0,0,0,0,0
"Sunderland","Chris Rigg",3,187,0,0,0,0,0,0,0.1,0.1,0.1,0.2,1,3,6,0,0,0,0,0,0.05,0.04,0.09,0.05
"Sunderland","Patrick Roberts",0,28,0,0,0,0,0,0,0,0,0,0,1,1,4,0,0,0,0,0,0.11,0,0.11,0.11
"Sunderland","Robin Roefs",9,810,0,0,0,0,0,0,0,0,0.2,0.2,0,0,0,0,0,0,0,0,0,0.02,0.02,0
"Sunderland","Noah Sadiki",9,801,0,0,0,0,0,0,0.1,0.1,0.2,0.3,14,23,24,0,0,0,0,0,0.01,0.02,0.03,0.01
"Sunderland","Jenson Seelt",1,134,0,0,0,0,0,0,0,0,0,0,2,14,0,0,0,0,0,0,0,0,0,0
"Sunderland","Chemsdine Talbi",6,555,1,1,2,1,0,0,1,1,0.3,1.3,11,4,34,0.16,0.16,0.32,0.16,0.32,0.16,0.04,0.2,0.16
"Sunderland","Bertrand Traoré",3,215,0,0,0,0,0,0,0.3,0.3,0.7,1,2,2,17,0,0,0,0,0,0.14,0.3,0.43,0.14
"Sunderland","Granit Xhaka",9,810,0,3,3,0,0,0,0.3,0.3,1.1,1.4,2,50,8,0,0.33,0.33,0,0.33,0.04,0.12,0.16,0.04
"Tottenham","Rodrigo Bentancur",7,586,1,1,2,1,0,0,0.3,0.3,0.5,0.8,3,25,11,0.15,0.15,0.31,0.15,0.31,0.05,0.08,0.13,0.05
"Tottenham","Lucas Bergvall",4,407,1,1,2,1,0,0,0.6,0.6,0.3,0.8,9,20,24,0.22,0.22,0.44,0.22,0.44,0.12,0.06,0.18,0.12
"Tottenham","Kevin Danso",2,198,0,0,0,0,0,0,0,0,0,0,1,7,0,0,0,0,0,0,0,0,0,0
"Tottenham","Archie Gray",1,72,0,0,0,0,0,0,0,0,0,0,2,7,0,0,0,0,0,0,0,0.03,0.03,0
"Tottenham","Brennan Johnson",4,363,2,0,2,2,0,0,1,1,0.2,1.1,9,6,25,0.5,0,0.5,0.5,0.5,0.24,0.04,0.28,0.24
"Tottenham","Randal Kolo Muani",1,73,0,0,0,0,0,0,0.1,0.1,0,0.2,1,1,4,0,0,0,0,0,0.17,0.02,0.19,0.17
"Tottenham","Mohammed Kudus",9,785,1,4,5,1,0,0,1.4,1.4,2,3.3,29,19,73,0.11,0.46,0.57,0.11,0.57,0.16,0.23,0.38,0.16
"Tottenham","Pape Matar Sarr",4,393,2,2,4,2,0,0,0.7,0.7,0.5,1.2,4,14,15,0.46,0.46,0.92,0.46,0.92,0.17,0.12,0.28,0.17
"Tottenham","Wilson Odobert",3,319,0,0,0,0,0,0,0.7,0.7,0.3,1.1,14,17,28,0,0,0,0,0,0.21,0.1,0.31,0.21
"Tottenham","João Palhinha",8,693,2,1,3,2,0,0,0.6,0.6,0.1,0.7,3,23,7,0.26,0.13,0.39,0.26,0.39,0.08,0.01,0.09,0.08
"Tottenham","Pedro Porro",8,727,0,1,1,0,0,0,0.1,0.1,1.5,1.6,18,42,20,0,0.12,0.12,0,0.12,0.01,0.19,0.2,0.01
"Tottenham","Richarlison",5,514,3,2,5,3,0,0,2,2,1.3,3.3,7,9,19,0.53,0.35,0.88,0.53,0.88,0.35,0.23,0.58,0.35
"Tottenham","Cristian Romero",7,630,0,1,1,0,0,0,0.1,0.1,0.2,0.2,2,32,0,0,0.14,0.14,0,0.14,0.01,0.02,0.04,0.01
"Tottenham","Xavi Simons",5,388,0,1,1,0,0,0,0.3,0.3,0.6,0.9,16,27,20,0,0.23,0.23,0,0.23,0.07,0.14,0.21,0.07
"Tottenham","Dominic Solanke",0,33,0,0,0,0,0,0,0.2,0.2,0,0.2,0,0,2,0,0,0,0,0,0.57,0,0.57,0.57
"Tottenham","Djed Spence",7,578,0,0,0,0,0,0,0.2,0.2,0.1,0.2,22,30,35,0,0,0,0,0,0.03,0.01,0.04,0.03
"Tottenham","Mathys Tel",3,239,1,0,1,1,0,0,0.2,0.2,0,0.2,4,3,14,0.38,0,0.38,0.38,0.38,0.08,0,0.08,0.08
"Tottenham","Destiny Udogie",3,303,0,0,0,0,0,0,0,0,0.2,0.3,15,21,29,0,0,0,0,0,0.01,0.07,0.08,0.01
"Tottenham","Micky van de Ven",9,799,3,0,3,3,0,0,1.9,1.9,0.1,2,5,27,2,0.34,0,0.34,0.34,0.34,0.21,0.01,0.22,0.21
"Tottenham","Guglielmo Vicario",9,810,0,0,0,0,0,0,0,0,0,0,0,0,0,0,0,0,0,0,0,0,0,0
"West Ham","Nayef Aguerd",2,180,0,0,0,0,0,0,0.1,0.1,0,0.1,2,9,0,0,0,0,0,0,0.05,0,0.05,0.05
"West Ham","Alphonse Areola",5,450,0,0,0,0,0,0,0,0,0,0,0,0,0,0,0,0,0,0,0,0,0,0
"West Ham","Jarrod Bowen",9,810,3,1,4,3,0,0,1,1,1.4,2.4,27,18,67,0.33,0.11,0.44,0.33,0.44,0.12,0.15,0.27,0.12
"West Ham","El Hadji Malick Diouf",8,765,0,3,3,0,0,0,0.2,0.2,0.7,1,12,26,38,0,0.35,0.35,0,0.35,0.03,0.09,0.11,0.03
"West Ham","Mateus Fernandes",6,469,1,0,1,1,0,0,0.3,0.3,0.6,0.8,7,15,7,0.19,0,0.19,0.19,0.19,0.05,0.11,0.15,0.05
"West Ham","Niclas Füllkrug",5,379,0,0,0,0,0,0,0.8,0.8,0.6,1.3,1,5,15,0,0,0,0,0,0.19,0.13,0.32,0.19
"West Ham","Luis Guilherme",0,57,0,0,0,0,0,0,0.1,0.1,0,0.1,0,0,3,0,0,0,0,0,0.11,0,0.11,0.11
"West Ham","Mads Hermansen",4,360,0,0,0,0,0,0,0,0,0,0,0,0,0,0,0,0,0,0,0,0,0,0
"West Ham","Igor",0,1,0,0,0,0,0,0,0,0,0,0,0,0,0,0,0,0,0,0,0,0,0,0
"West Ham","Andy Irving",2,150,0,0,0,0,0,0,0,0,0.1,0.1,2,12,2,0,0,0,0,0,0,0.07,0.07,0
"West Ham","Max Kilman",9,810,0,0,0,0,0,0,0.4,0.4,0.2,0.6,3,20,1,0,0,0,0,0,0.04,0.02,0.06,0.04
"West Ham","Soungoutou Magassa",2,173,0,0,0,0,0,0,0,0,0,0,1,2,3,0,0,0,0,0,0,0,0,0
"West Ham","Callum Marshall",0,60,0,0,0,0,0,0,0.1,0.1,0,0.1,0,1,0,0,0,0,0,0,0.19,0,0.19,0.19
"West Ham","Konstantinos Mavropanos",5,495,0,0,0,0,0,0,0.4,0.4,0,0.4,2,17,0,0,0,0,0,0,0.07,0,0.07,0.07
"West Ham","Lucas Paquetá",9,786,2,0,2,1,1,1,1.7,0.9,0.9,1.8,4,60,37,0.23,0,0.23,0.11,0.11,0.19,0.1,0.29,0.1
"West Ham","Freddie Potts",0,134,0,0,0,0,0,0,0,0,0,0,0,6,2,0,0,0,0,0,0,0,0,0
"West Ham","Guido Rodríguez",1,90,0,0,0,0,0,0,0,0,0,0,0,5,3,0,0,0,0,0,0.03,0,0.03,0.03
"West Ham","Oliver Scarles",2,69,0,0,0,0,0,0,0,0,0,0,0,2,2,0,0,0,0,0,0,0,0,0
"West Ham","Tomáš Souček",5,366,0,0,0,0,0,0,0.5,0.5,0,0.5,1,10,7,0,0,0,0,0,0.12,0.01,0.13,0.12
"West Ham","Crysencio Summerville",6,480,0,1,1,0,0,0,0.6,0.6,0.2,0.8,12,16,33,0,0.19,0.19,0,0.19,0.12,0.04,0.16,0.12
"West Ham","Jean-Clair Todibo",4,306,0,0,0,0,0,0,0,0,0,0,4,16,1,0,0,0,0,0,0,0,0,0
"West Ham","Kyle Walker-Peters",5,450,0,0,0,0,0,0,0.1,0.1,0.1,0.2,12,16,19,0,0,0,0,0,0.03,0.02,0.04,0.03
"West Ham","Aaron Wan-Bissaka",4,381,0,0,0,0,0,0,0,0,0.2,0.2,8,13,23,0,0,0,0,0,0,0.05,0.05,0
"West Ham","James Ward-Prowse",5,413,0,0,0,0,0,0,0.1,0.1,0.9,1,1,20,8,0,0,0,0,0,0.03,0.2,0.23,0.03
"West Ham","Callum Wilson",1,239,1,0,1,1,0,0,1.2,1.2,0,1.2,2,1,15,0.38,0,0.38,0.38,0.38,0.45,0.02,0.46,0.45
"Wolves","Emmanuel Agbadou",5,526,0,0,0,0,0,0,0.4,0.4,0.1,0.5,3,26,5,0,0,0,0,0,0.07,0.02,0.09,0.07
"Wolves","André",7,600,0,0,0,0,0,0,0,0,0.1,0.1,7,25,3,0,0,0,0,0,0,0.01,0.02,0
"Wolves","Jhon Arias",6,502,0,0,0,0,0,0,1,1,0.5,1.5,9,18,28,0,0,0,0,0,0.19,0.08,0.27,0.19
"Wolves","Tolu Arokodare",2,185,0,0,0,0,0,0,0.3,0.3,0.1,0.5,1,0,9,0,0,0,0,0,0.17,0.07,0.23,0.17
"Wolves","Jean-Ricner Bellegarde",4,345,0,0,0,0,0,0,0.3,0.3,0.3,0.6,13,22,11,0,0,0,0,0,0.07,0.08,0.14,0.07
"Wolves","Hugo Bueno",6,614,0,0,0,0,0,0,0.2,0.2,1,1.2,24,16,42,0,0,0,0,0,0.03,0.15,0.18,0.03
"Wolves","Santiago Bueno",5,485,1,0,1,1,0,0,0.8,0.8,0.1,0.9,4,19,1,0.19,0,0.19,0.19,0.19,0.15,0.01,0.16,0.15
"Wolves","Matt Doherty",4,291,0,0,0,0,0,0,0.1,0.1,0.1,0.1,1,9,3,0,0,0,0,0,0.02,0.02,0.04,0.02
"Wolves","João Gomes",8,700,0,0,0,0,0,0,0.4,0.4,0.2,0.6,9,47,13,0,0,0,0,0,0.05,0.03,0.07,0.05
"Wolves","Rodrigo Gomes",4,331,1,0,1,1,0,0,1,1,0.1,1.1,13,7,37,0.27,0,0.27,0.27,0.27,0.26,0.04,0.3,0.26
"Wolves","Toti Gomes",5,390,0,0,0,0,0,0,0,0,0,0.1,5,10,1,0,0,0,0,0,0.01,0.01,0.02,0.01
"Wolves","Hwang Hee-chan",4,300,1,0,1,1,0,0,0.6,0.6,0,0.7,6,8,17,0.3,0,0.3,0.3,0.3,0.19,0.01,0.21,0.19
"Wolves","Ki-Jana Hoever",3,205,0,0,0,0,0,0,0,0,0.2,0.3,6,8,13,0,0,0,0,0,0.01,0.11,0.12,0.01
"Wolves","Sam Johnstone",5,450,0,0,0,0,0,0,0,0,0,0,0,1,0,0,0,0,0,0,0,0,0,0
"Wolves","Sasa Kalajdzic",0,15,0,0,0,0,0,0,0,0,0,0,0,0,2,0,0,0,0,0,0,0,0,0
"Wolves","Ladislav Krejčí",6,540,1,1,2,1,0,0,0.9,0.9,0.7,1.5,6,36,5,0.17,0.17,0.33,0.17,0.33,0.14,0.11,0.26,0.14
"Wolves","Fer López",1,120,0,1,1,0,0,0,0.1,0.1,0.7,0.9,5,14,10,0,0.75,0.75,0,0.75,0.1,0.56,0.66,0.1
"Wolves","Yerson Mosquera",2,137,0,0,0,0,0,0,0.1,0.1,0,0.1,1,0,1,0,0,0,0,0,0.03,0,0.03,0.03
"Wolves","Marshall Munetsi",7,692,1,1,2,1,0,0,1.3,1.3,0.5,1.8,7,12,26,0.13,0.13,0.26,0.13,0.26,0.17,0.07,0.23,0.17
"Wolves","David Møller Wolfe",2,151,0,1,1,0,0,0,0,0,0.3,0.3,3,3,8,0,0.6,0.6,0,0.6,0,0.16,0.16,0
"Wolves","José Sá",4,360,0,0,0,0,0,0,0,0,0.1,0.1,0,0,0,0,0,0,0,0,0,0.02,0.02,0
"Wolves","Jørgen Strand Larsen",6,542,1,0,1,0,1,1,1.5,0.7,0.4,1.1,2,4,20,0.17,0,0.17,0,0,0.25,0.06,0.31,0.12
"Wolves","Jackson Tchatchoua",3,387,0,0,0,0,0,0,0.3,0.3,0.2,0.4,10,5,32,0,0,0,0,0,0.06,0.04,0.1,0.06
